<?xml version="1.0" encoding="UTF-8" standalone="yes"?>
<addon id="repository.techxxx" name="Techxxx Repository" version="1.0.0" provider-name="techxxx">
  <extension point="xbmc.addon.repository">
    <info>https://techxxx.github.io/repo/addons.xml</info>
    <checksum>https://techxxx.github.io/repo/addons.xml.md5</checksum>
    <datadir zip="true">https://techxxx.github.io/repo/zips/</datadir>
  </extension>
  <extension point="xbmc.addon.metadata">
    <summary>Techxxx Repository</summary>
    <description>Techxxx Repository for Kodi</description>
    <platform>all</platform>
  </extension>
</addon>
