<?xml version="1.0" encoding="UTF-8" standalone="yes"?>
<addon id="script.kodinerds.android.update" name="KN APK Downloader" version="1.1.6+matrix.1" provider-name="Maven">
    <requires>
        <import addon="xbmc.python" version="3.0.0"/>
        <import addon="script.module.six" version="1.0.0"/>
        <import addon="script.module.simplecache" version="1.0.0"/>
    </requires>
    <extension point="xbmc.python.script" library="default.py"/>
    <extension point="xbmc.service" library="service.py" start="login"/>
    <extension point="xbmc.addon.metadata">
        <summary lang="de">Downloader für Maven's Kodi-Builds</summary>
        <license>GNU GENERAL PUBLIC LICENSE. Version 3, June 2007</license>
        <platform>android</platform>
        <assets>
            <icon>resources/images/icon.png</icon>
        </assets>
    </extension>
</addon>
